{"returns": {"AAPL": 0.0030729086227508496, "MSFT": 0.0018335093736214548, "GOOGL": 0.008154584208535149}, "stocks": {"AAPL": {"data_symbol": "AAPL", "closing_prices": [248.96, 247.99, 251.49, 251.64, 252.62, 252.89, 248.8, 246.63, 253.79, 255.63, 255.92, 258.86, 253.5, 258.9, 260.49, 260.48, 259.2, 258.83, 266.43, 263.4, 270.23, 273.05, 266.17, 273.17, 273.43, 271.06, 267.61, 270.71, 270.17, 271.35], "daily_returns": [-0.003896208226221075, 0.014113472317432154, 0.000596445186687253, 0.003894452392306542, 0.0010687989866201481, -0.016173039661512813, -0.008721864951768552, 0.029031342496857626, 0.007250088655975427, 0.0011344521378554631, 0.011487964989059183, -0.020706173221046176, 0.021301775147928904, 0.0061413673232909695, -3.838918960417254e-05, -0.0049140049140050275, -0.0014274691358024867, 0.029362902291079178, -0.011372593176444205, 0.025930144267274264, 0.010435554897679729, -0.02519685039370077, 0.02629898185370252, 0.0009517882637185302, -0.008667666313133177, -0.012727809341105248, 0.01158402152385922, -0.0019947545343724418, 0.004367620387163663], "average_return": 0.0030729086227508496}, "MSFT": {"data_symbol": "MSFT", "closing_prices": [389.02, 381.87, 383.0, 372.74, 371.04, 365.97, 356.77, 358.96, 370.17, 369.37, 373.46, 372.88, 372.29, 374.33, 373.07, 370.87, 384.37, 393.11, 411.22, 420.26, 422.79, 418.07, 424.16, 432.92, 415.75, 424.62, 424.82, 429.25, 424.46, 407.78], "daily_returns": [-0.018379517762582842, 0.0029591222143661336, -0.026788511749347235, -0.0045608198744432815, -0.013664294954721844, -0.025138672568789915, 0.006138408498472399, 0.031229106307109532, -0.002161169192533191, 0.011072907924303476, -0.0015530445027579502, -0.0015822784810125912, 0.005479599237153734, -0.0033660139449148904, -0.005897016645669683, 0.03640089519238547, 0.022738507167572936, 0.046068530436773454, 0.02198336656777385, 0.0060200828058821435, -0.011163934813973904, 0.014566938550960442, 0.020652583930592206, -0.039660907326988855, 0.02133493686109442, 0.00047100937308649767, 0.010427945953580356, -0.0111589982527665, -0.039296989115582166], "average_return": 0.0018335093736214548}, "GOOGL": {"data_symbol": "GOOGL", "closing_prices": [307.13, 301.0, 302.06, 290.44, 290.93, 280.92, 274.34, 273.5, 287.56, 297.39, 295.77, 299.99, 305.46, 317.32, 318.49, 317.24, 321.31, 332.91, 337.12, 336.02, 341.68, 337.42, 332.29, 339.32, 338.89, 344.4, 350.34, 349.78, 349.94, 384.8], "daily_returns": [-0.019958975026861576, 0.00352159468438539, -0.03846917830894526, 0.0016870954413992876, -0.03440690200391844, -0.023423038587498366, -0.0030618940001457136, 0.05140767824497259, 0.03418417026011957, -0.0054473923131241955, 0.014267843256584601, 0.018233941131370945, 0.03882668761867352, 0.003687129711332459, -0.003924770008477503, 0.012829403606102614, 0.03610220659176503, 0.012646060496830912, -0.003262933080208895, 0.016844235462174947, -0.012467806134394728, -0.0152036038172011, 0.0211562189653615, -0.0012672403630791195, 0.016258963085366906, 0.017247386759581877, -0.001598447222697957, 0.00045743038481338275, 0.0996170772132366], "average_return": 0.008154584208535149}}, "portfolio": {"weights": {"AAPL": 0.3333, "MSFT": 0.3333, "GOOGL": 0.3333}, "total_return": 0.004353232034895654}, "warnings": ["AAPL: using cached data (No daily series returned for AAPL.)", "MSFT: using cached data (No daily series returned for MSFT.)", "GOOGL: using cached data (No daily series returned for GOOG.)"]}